Metric,Value
Standard_Time,0.030660899999929825
EGT_Time,0.03366889999961131
Efficiency_Gain,0.9106593919101541
Target_Multiplier,1.324
